Date,Time Entered,Time Exited,time_en_with_ampm,time_ex_with_ampm,time_en_fixed,time_ex_fixed,time_ex_datetime,time_ex_24hr,exit_datetime,date_only
2025-06-16,N/A,10:30,NA,10:30 AM,NA,10:30:00,2025-06-16T10:30:00Z,10:30:00,2025-06-16T10:30:00Z,2025-06-16
2025-06-16,10:53,11:01,10:53 AM,11:01 AM,10:53:00,11:01:00,2025-06-16T11:01:00Z,11:01:00,2025-06-16T11:01:00Z,2025-06-16
2025-06-16,11:52,11:59,11:52 AM,11:59 AM,11:52:00,11:59:00,2025-06-16T11:59:00Z,11:59:00,2025-06-16T11:59:00Z,2025-06-16
2025-06-16,12:26,12:29,12:26 PM,12:29 PM,12:26:00,12:29:00,2025-06-16T12:29:00Z,12:29:00,2025-06-16T12:29:00Z,2025-06-16
2025-06-16,1:09,1:19,1:09 PM,1:19 PM,13:09:00,13:19:00,2025-06-16T13:19:00Z,13:19:00,2025-06-16T13:19:00Z,2025-06-16
2025-06-16,N/A,10:41,NA,10:41 AM,NA,10:41:00,2025-06-16T10:41:00Z,10:41:00,2025-06-16T10:41:00Z,2025-06-16
2025-06-16,12:38,12:42,12:38 PM,12:42 PM,12:38:00,12:42:00,2025-06-16T12:42:00Z,12:42:00,2025-06-16T12:42:00Z,2025-06-16
2025-06-16,N/A,10:41,NA,10:41 AM,NA,10:41:00,2025-06-16T10:41:00Z,10:41:00,2025-06-16T10:41:00Z,2025-06-16
2025-06-16,N/A,10:51,NA,10:51 AM,NA,10:51:00,2025-06-16T10:51:00Z,10:51:00,2025-06-16T10:51:00Z,2025-06-16
2025-06-16,12:24,12:44,12:24 PM,12:44 PM,12:24:00,12:44:00,2025-06-16T12:44:00Z,12:44:00,2025-06-16T12:44:00Z,2025-06-16
2025-06-16,1:24,1:31,1:24 PM,1:31 PM,13:24:00,13:31:00,2025-06-16T13:31:00Z,13:31:00,2025-06-16T13:31:00Z,2025-06-16
2025-06-16,N/A,11:07,NA,11:07 AM,NA,11:07:00,2025-06-16T11:07:00Z,11:07:00,2025-06-16T11:07:00Z,2025-06-16
2025-06-16,11:20,11:49,11:20 AM,11:49 AM,11:20:00,11:49:00,2025-06-16T11:49:00Z,11:49:00,2025-06-16T11:49:00Z,2025-06-16
2025-06-16,N/A,11:13,NA,11:13 AM,NA,11:13:00,2025-06-16T11:13:00Z,11:13:00,2025-06-16T11:13:00Z,2025-06-16
2025-06-16,11:44,12:05,11:44 AM,12:05 PM,11:44:00,12:05:00,2025-06-16T12:05:00Z,12:05:00,2025-06-16T12:05:00Z,2025-06-16
2025-06-16,12:19,12:59,12:19 PM,12:59 PM,12:19:00,12:59:00,2025-06-16T12:59:00Z,12:59:00,2025-06-16T12:59:00Z,2025-06-16
2025-06-16,1:00,1:02,1:00 PM,1:02 PM,13:00:00,13:02:00,2025-06-16T13:02:00Z,13:02:00,2025-06-16T13:02:00Z,2025-06-16
2025-06-16,N/A,11:21,NA,11:21 AM,NA,11:21:00,2025-06-16T11:21:00Z,11:21:00,2025-06-16T11:21:00Z,2025-06-16
2025-06-16,11:50,11:51,11:50 AM,11:51 AM,11:50:00,11:51:00,2025-06-16T11:51:00Z,11:51:00,2025-06-16T11:51:00Z,2025-06-16
2025-06-16,11:51,11:54,11:51 AM,11:54 AM,11:51:00,11:54:00,2025-06-16T11:54:00Z,11:54:00,2025-06-16T11:54:00Z,2025-06-16
2025-06-16,12:21,12:57,12:21 PM,12:57 PM,12:21:00,12:57:00,2025-06-16T12:57:00Z,12:57:00,2025-06-16T12:57:00Z,2025-06-16
2025-06-16,1:10,1:14,1:10 PM,1:14 PM,13:10:00,13:14:00,2025-06-16T13:14:00Z,13:14:00,2025-06-16T13:14:00Z,2025-06-16
2025-06-16,N/A,11:24,NA,11:24 AM,NA,11:24:00,2025-06-16T11:24:00Z,11:24:00,2025-06-16T11:24:00Z,2025-06-16
2025-06-17,N/A,9:45,NA,9:45 AM,NA,09:45:00,2025-06-17T09:45:00Z,09:45:00,2025-06-17T09:45:00Z,2025-06-17
2025-06-17,N/A,9:22,NA,9:22 AM,NA,09:22:00,2025-06-17T09:22:00Z,09:22:00,2025-06-17T09:22:00Z,2025-06-17
2025-06-17,N/A,9:10,NA,9:10 AM,NA,09:10:00,2025-06-17T09:10:00Z,09:10:00,2025-06-17T09:10:00Z,2025-06-17
2025-06-17,N/A,8:50,NA,8:50 AM,NA,08:50:00,2025-06-17T08:50:00Z,08:50:00,2025-06-17T08:50:00Z,2025-06-17
2025-06-17,N/A,9:55,NA,9:55 AM,NA,09:55:00,2025-06-17T09:55:00Z,09:55:00,2025-06-17T09:55:00Z,2025-06-17
2025-06-18,12:50,12:53,12:50 PM,12:53 PM,12:50:00,12:53:00,2025-06-18T12:53:00Z,12:53:00,2025-06-18T12:53:00Z,2025-06-18
2025-06-18,10:45,11:22,10:45 AM,11:22 AM,10:45:00,11:22:00,2025-06-18T11:22:00Z,11:22:00,2025-06-18T11:22:00Z,2025-06-18
2025-06-18,12:04,12:13,12:04 PM,12:13 PM,12:04:00,12:13:00,2025-06-18T12:13:00Z,12:13:00,2025-06-18T12:13:00Z,2025-06-18
2025-06-18,11:36,11:39,11:36 AM,11:39 AM,11:36:00,11:39:00,2025-06-18T11:39:00Z,11:39:00,2025-06-18T11:39:00Z,2025-06-18
2025-06-18,11:55,11:58,11:55 AM,11:58 AM,11:55:00,11:58:00,2025-06-18T11:58:00Z,11:58:00,2025-06-18T11:58:00Z,2025-06-18
2025-06-18,12:26,12:30,12:26 PM,12:30 PM,12:26:00,12:30:00,2025-06-18T12:30:00Z,12:30:00,2025-06-18T12:30:00Z,2025-06-18
2025-06-18,12:43,12:46,12:43 PM,12:46 PM,12:43:00,12:46:00,2025-06-18T12:46:00Z,12:46:00,2025-06-18T12:46:00Z,2025-06-18
2025-06-18,1:03,1:05,1:03 PM,1:05 PM,13:03:00,13:05:00,2025-06-18T13:05:00Z,13:05:00,2025-06-18T13:05:00Z,2025-06-18
2025-06-18,N/A,9:14,NA,9:14 AM,NA,09:14:00,2025-06-18T09:14:00Z,09:14:00,2025-06-18T09:14:00Z,2025-06-18
2025-06-18,10:05,10:09,10:05 AM,10:09 AM,10:05:00,10:09:00,2025-06-18T10:09:00Z,10:09:00,2025-06-18T10:09:00Z,2025-06-18
2025-06-18,N/A,9:10,NA,9:10 AM,NA,09:10:00,2025-06-18T09:10:00Z,09:10:00,2025-06-18T09:10:00Z,2025-06-18
2025-06-18,10:08,10:08,10:08 AM,10:08 AM,10:08:00,10:08:00,2025-06-18T10:08:00Z,10:08:00,2025-06-18T10:08:00Z,2025-06-18
2025-06-18,N/A,9:17,NA,9:17 AM,NA,09:17:00,2025-06-18T09:17:00Z,09:17:00,2025-06-18T09:17:00Z,2025-06-18
2025-06-18,9:43,9:47,9:43 AM,9:47 AM,09:43:00,09:47:00,2025-06-18T09:47:00Z,09:47:00,2025-06-18T09:47:00Z,2025-06-18
2025-06-18,12:22,12:23,12:22 PM,12:23 PM,12:22:00,12:23:00,2025-06-18T12:23:00Z,12:23:00,2025-06-18T12:23:00Z,2025-06-18
2025-06-18,N/A,9:20,NA,9:20 AM,NA,09:20:00,2025-06-18T09:20:00Z,09:20:00,2025-06-18T09:20:00Z,2025-06-18
2025-06-18,10:34,10:45,10:34 AM,10:45 AM,10:34:00,10:45:00,2025-06-18T10:45:00Z,10:45:00,2025-06-18T10:45:00Z,2025-06-18
2025-06-18,10:06,10:08,10:06 AM,10:08 AM,10:06:00,10:08:00,2025-06-18T10:08:00Z,10:08:00,2025-06-18T10:08:00Z,2025-06-18
2025-06-18,10:11,10:14,10:11 AM,10:14 AM,10:11:00,10:14:00,2025-06-18T10:14:00Z,10:14:00,2025-06-18T10:14:00Z,2025-06-18
2025-06-18,11:42,11:44,11:42 AM,11:44 AM,11:42:00,11:44:00,2025-06-18T11:44:00Z,11:44:00,2025-06-18T11:44:00Z,2025-06-18
2025-06-18,12:22,12:26,12:22 PM,12:26 PM,12:22:00,12:26:00,2025-06-18T12:26:00Z,12:26:00,2025-06-18T12:26:00Z,2025-06-18
2025-06-18,N/A,9:26,NA,9:26 AM,NA,09:26:00,2025-06-18T09:26:00Z,09:26:00,2025-06-18T09:26:00Z,2025-06-18
2025-06-18,10:12,10:34,10:12 AM,10:34 AM,10:12:00,10:34:00,2025-06-18T10:34:00Z,10:34:00,2025-06-18T10:34:00Z,2025-06-18
2025-06-18,9:08,10:13,9:08 AM,10:13 AM,09:08:00,10:13:00,2025-06-18T10:13:00Z,10:13:00,2025-06-18T10:13:00Z,2025-06-18
2025-06-18,10:50,11:02,10:50 AM,11:02 AM,10:50:00,11:02:00,2025-06-18T11:02:00Z,11:02:00,2025-06-18T11:02:00Z,2025-06-18
2025-06-18,11:39,12:28,11:39 AM,12:28 PM,11:39:00,12:28:00,2025-06-18T12:28:00Z,12:28:00,2025-06-18T12:28:00Z,2025-06-18
2025-06-18,12:46,12:58,12:46 PM,12:58 PM,12:46:00,12:58:00,2025-06-18T12:58:00Z,12:58:00,2025-06-18T12:58:00Z,2025-06-18
2025-06-18,11:02,11:04,11:02 AM,11:04 AM,11:02:00,11:04:00,2025-06-18T11:04:00Z,11:04:00,2025-06-18T11:04:00Z,2025-06-18
2025-06-18,12:16,12:18,12:16 PM,12:18 PM,12:16:00,12:18:00,2025-06-18T12:18:00Z,12:18:00,2025-06-18T12:18:00Z,2025-06-18
2025-06-18,12:37,12:43,12:37 PM,12:43 PM,12:37:00,12:43:00,2025-06-18T12:43:00Z,12:43:00,2025-06-18T12:43:00Z,2025-06-18
2025-06-23,N/A,9:04,NA,9:04 AM,NA,09:04:00,2025-06-23T09:04:00Z,09:04:00,2025-06-23T09:04:00Z,2025-06-23
2025-06-23,10:00,10:06,10:00 AM,10:06 AM,10:00:00,10:06:00,2025-06-23T10:06:00Z,10:06:00,2025-06-23T10:06:00Z,2025-06-23
2025-06-23,N/A,9:15,NA,9:15 AM,NA,09:15:00,2025-06-23T09:15:00Z,09:15:00,2025-06-23T09:15:00Z,2025-06-23
2025-06-23,12:11,12:17,12:11 PM,12:17 PM,12:11:00,12:17:00,2025-06-23T12:17:00Z,12:17:00,2025-06-23T12:17:00Z,2025-06-23
2025-06-23,12:49,12:57,12:49 PM,12:57 PM,12:49:00,12:57:00,2025-06-23T12:57:00Z,12:57:00,2025-06-23T12:57:00Z,2025-06-23
2025-06-23,N/A,9:17,NA,9:17 AM,NA,09:17:00,2025-06-23T09:17:00Z,09:17:00,2025-06-23T09:17:00Z,2025-06-23
2025-06-23,N/A,9:21,NA,9:21 AM,NA,09:21:00,2025-06-23T09:21:00Z,09:21:00,2025-06-23T09:21:00Z,2025-06-23
2025-06-23,9:40,10:15,9:40 AM,10:15 AM,09:40:00,10:15:00,2025-06-23T10:15:00Z,10:15:00,2025-06-23T10:15:00Z,2025-06-23
2025-06-23,12:13,12:18,12:13 PM,12:18 PM,12:13:00,12:18:00,2025-06-23T12:18:00Z,12:18:00,2025-06-23T12:18:00Z,2025-06-23
2025-06-23,1:10,1:16,1:10 PM,1:16 PM,13:10:00,13:16:00,2025-06-23T13:16:00Z,13:16:00,2025-06-23T13:16:00Z,2025-06-23
2025-06-23,9:24,9:30,9:24 AM,9:30 AM,09:24:00,09:30:00,2025-06-23T09:30:00Z,09:30:00,2025-06-23T09:30:00Z,2025-06-23
2025-06-23,N/A,9:32,NA,9:32 AM,NA,09:32:00,2025-06-23T09:32:00Z,09:32:00,2025-06-23T09:32:00Z,2025-06-23
2025-06-23,11:24,11:29,11:24 AM,11:29 AM,11:24:00,11:29:00,2025-06-23T11:29:00Z,11:29:00,2025-06-23T11:29:00Z,2025-06-23
2025-06-23,11:36,12:25,11:36 AM,12:25 PM,11:36:00,12:25:00,2025-06-23T12:25:00Z,12:25:00,2025-06-23T12:25:00Z,2025-06-23
2025-06-23,12:49,12:57,12:49 PM,12:57 PM,12:49:00,12:57:00,2025-06-23T12:57:00Z,12:57:00,2025-06-23T12:57:00Z,2025-06-23
2025-06-23,1:00,1:02,1:00 PM,1:02 PM,13:00:00,13:02:00,2025-06-23T13:02:00Z,13:02:00,2025-06-23T13:02:00Z,2025-06-23
2025-06-23,9:27,9:47,9:27 AM,9:47 AM,09:27:00,09:47:00,2025-06-23T09:47:00Z,09:47:00,2025-06-23T09:47:00Z,2025-06-23
2025-06-23,N/A,9:27,NA,9:27 AM,NA,09:27:00,2025-06-23T09:27:00Z,09:27:00,2025-06-23T09:27:00Z,2025-06-23
2025-06-23,9:44,9:49,9:44 AM,9:49 AM,09:44:00,09:49:00,2025-06-23T09:49:00Z,09:49:00,2025-06-23T09:49:00Z,2025-06-23
2025-06-23,12:00,12:07,12:00 PM,12:07 PM,12:00:00,12:07:00,2025-06-23T12:07:00Z,12:07:00,2025-06-23T12:07:00Z,2025-06-23
2025-06-23,12:38,12:44,12:38 PM,12:44 PM,12:38:00,12:44:00,2025-06-23T12:44:00Z,12:44:00,2025-06-23T12:44:00Z,2025-06-23
2025-06-23,9:44,9:49,9:44 AM,9:49 AM,09:44:00,09:49:00,2025-06-23T09:49:00Z,09:49:00,2025-06-23T09:49:00Z,2025-06-23
2025-06-23,12:05,12:07,12:05 PM,12:07 PM,12:05:00,12:07:00,2025-06-23T12:07:00Z,12:07:00,2025-06-23T12:07:00Z,2025-06-23
2025-06-23,9:55,9:58,9:55 AM,9:58 AM,09:55:00,09:58:00,2025-06-23T09:58:00Z,09:58:00,2025-06-23T09:58:00Z,2025-06-23
2025-06-23,10:36,10:43,10:36 AM,10:43 AM,10:36:00,10:43:00,2025-06-23T10:43:00Z,10:43:00,2025-06-23T10:43:00Z,2025-06-23
2025-06-23,11:27,11:29,11:27 AM,11:29 AM,11:27:00,11:29:00,2025-06-23T11:29:00Z,11:29:00,2025-06-23T11:29:00Z,2025-06-23
2025-06-23,12:28,12:31,12:28 PM,12:31 PM,12:28:00,12:31:00,2025-06-23T12:31:00Z,12:31:00,2025-06-23T12:31:00Z,2025-06-23
2025-06-23,11:41,12:14,11:41 AM,12:14 PM,11:41:00,12:14:00,2025-06-23T12:14:00Z,12:14:00,2025-06-23T12:14:00Z,2025-06-23
2025-06-23,11:43,12:35,11:43 AM,12:35 PM,11:43:00,12:35:00,2025-06-23T12:35:00Z,12:35:00,2025-06-23T12:35:00Z,2025-06-23
2025-06-23,12:11,12:17,12:11 PM,12:17 PM,12:11:00,12:17:00,2025-06-23T12:17:00Z,12:17:00,2025-06-23T12:17:00Z,2025-06-23
2025-06-23,12:49,12:57,12:49 PM,12:57 PM,12:49:00,12:57:00,2025-06-23T12:57:00Z,12:57:00,2025-06-23T12:57:00Z,2025-06-23
2025-06-23,12:51,1:28,12:51 PM,1:28 PM,12:51:00,13:28:00,2025-06-23T13:28:00Z,13:28:00,2025-06-23T13:28:00Z,2025-06-23
2025-06-24,N/A,10:19,NA,10:19 AM,NA,10:19:00,2025-06-24T10:19:00Z,10:19:00,2025-06-24T10:19:00Z,2025-06-24
2025-06-24,10:39,10:42,10:39 AM,10:42 AM,10:39:00,10:42:00,2025-06-24T10:42:00Z,10:42:00,2025-06-24T10:42:00Z,2025-06-24
2025-06-24,N/A,11:28,NA,11:28 AM,NA,11:28:00,2025-06-24T11:28:00Z,11:28:00,2025-06-24T11:28:00Z,2025-06-24
2025-06-24,12:42,1:17,12:42 PM,1:17 PM,12:42:00,13:17:00,2025-06-24T13:17:00Z,13:17:00,2025-06-24T13:17:00Z,2025-06-24
2025-06-24,N/A,10:45,NA,10:45 AM,NA,10:45:00,2025-06-24T10:45:00Z,10:45:00,2025-06-24T10:45:00Z,2025-06-24
2025-06-24,1:11,1:14,1:11 PM,1:14 PM,13:11:00,13:14:00,2025-06-24T13:14:00Z,13:14:00,2025-06-24T13:14:00Z,2025-06-24
2025-06-24,N/A,10:52,NA,10:52 AM,NA,10:52:00,2025-06-24T10:52:00Z,10:52:00,2025-06-24T10:52:00Z,2025-06-24
2025-06-24,10:52,10:53,10:52 AM,10:53 AM,10:52:00,10:53:00,2025-06-24T10:53:00Z,10:53:00,2025-06-24T10:53:00Z,2025-06-24
2025-06-24,N/A,10:57,NA,10:57 AM,NA,10:57:00,2025-06-24T10:57:00Z,10:57:00,2025-06-24T10:57:00Z,2025-06-24
2025-06-24,11:12,11:27,11:12 AM,11:27 AM,11:12:00,11:27:00,2025-06-24T11:27:00Z,11:27:00,2025-06-24T11:27:00Z,2025-06-24
2025-06-24,N/A,11:01,NA,11:01 AM,NA,11:01:00,2025-06-24T11:01:00Z,11:01:00,2025-06-24T11:01:00Z,2025-06-24
2025-06-24,N/A,12:59,NA,12:59 PM,NA,12:59:00,2025-06-24T12:59:00Z,12:59:00,2025-06-24T12:59:00Z,2025-06-24
2025-06-24,N/A,11:04,NA,11:04 AM,NA,11:04:00,2025-06-24T11:04:00Z,11:04:00,2025-06-24T11:04:00Z,2025-06-24
2025-06-24,N/A,11:10,NA,11:10 AM,NA,11:10:00,2025-06-24T11:10:00Z,11:10:00,2025-06-24T11:10:00Z,2025-06-24
2025-06-24,11:58,11:58,11:58 AM,11:58 AM,11:58:00,11:58:00,2025-06-24T11:58:00Z,11:58:00,2025-06-24T11:58:00Z,2025-06-24
2025-06-24,N/A,11:17,NA,11:17 AM,NA,11:17:00,2025-06-24T11:17:00Z,11:17:00,2025-06-24T11:17:00Z,2025-06-24
2025-06-24,12:34,12:55,12:34 PM,12:55 PM,12:34:00,12:55:00,2025-06-24T12:55:00Z,12:55:00,2025-06-24T12:55:00Z,2025-06-24
2025-06-24,N/A,11:23,NA,11:23 AM,NA,11:23:00,2025-06-24T11:23:00Z,11:23:00,2025-06-24T11:23:00Z,2025-06-24
2025-06-24,12:47,12:49,12:47 PM,12:49 PM,12:47:00,12:49:00,2025-06-24T12:49:00Z,12:49:00,2025-06-24T12:49:00Z,2025-06-24
2025-06-24,N/A,11:27,NA,11:27 AM,NA,11:27:00,2025-06-24T11:27:00Z,11:27:00,2025-06-24T11:27:00Z,2025-06-24
2025-06-24,11:32,11:38,11:32 AM,11:38 AM,11:32:00,11:38:00,2025-06-24T11:38:00Z,11:38:00,2025-06-24T11:38:00Z,2025-06-24
2025-06-24,12:27,12:31,12:27 PM,12:31 PM,12:27:00,12:31:00,2025-06-24T12:31:00Z,12:31:00,2025-06-24T12:31:00Z,2025-06-24
2025-06-24,12:31,12:33,12:31 PM,12:33 PM,12:31:00,12:33:00,2025-06-24T12:33:00Z,12:33:00,2025-06-24T12:33:00Z,2025-06-24
2025-06-24,N/A,11:32,NA,11:32 AM,NA,11:32:00,2025-06-24T11:32:00Z,11:32:00,2025-06-24T11:32:00Z,2025-06-24
2025-06-24,12:14,12:57,12:14 PM,12:57 PM,12:14:00,12:57:00,2025-06-24T12:57:00Z,12:57:00,2025-06-24T12:57:00Z,2025-06-24
2025-06-24,N/A,12:00,NA,12:00 PM,NA,12:00:00,2025-06-24T12:00:00Z,12:00:00,2025-06-24T12:00:00Z,2025-06-24
2025-06-24,12:34,12:37,12:34 PM,12:37 PM,12:34:00,12:37:00,2025-06-24T12:37:00Z,12:37:00,2025-06-24T12:37:00Z,2025-06-24
2025-06-24,12:37,12:45,12:37 PM,12:45 PM,12:37:00,12:45:00,2025-06-24T12:45:00Z,12:45:00,2025-06-24T12:45:00Z,2025-06-24
2025-06-24,N/A,11:42,NA,11:42 AM,NA,11:42:00,2025-06-24T11:42:00Z,11:42:00,2025-06-24T11:42:00Z,2025-06-24
2025-06-24,11:49,12:00,11:49 AM,12:00 PM,11:49:00,12:00:00,2025-06-24T12:00:00Z,12:00:00,2025-06-24T12:00:00Z,2025-06-24
2025-06-24,12:03,12:04,12:03 PM,12:04 PM,12:03:00,12:04:00,2025-06-24T12:04:00Z,12:04:00,2025-06-24T12:04:00Z,2025-06-24
2025-06-24,12:02,12:11,12:02 PM,12:11 PM,12:02:00,12:11:00,2025-06-24T12:11:00Z,12:11:00,2025-06-24T12:11:00Z,2025-06-24
2025-06-24,N/A,12:07,NA,12:07 PM,NA,12:07:00,2025-06-24T12:07:00Z,12:07:00,2025-06-24T12:07:00Z,2025-06-24
2025-06-24,12:17,12:19,12:17 PM,12:19 PM,12:17:00,12:19:00,2025-06-24T12:19:00Z,12:19:00,2025-06-24T12:19:00Z,2025-06-24
2025-06-24,12:41,12:42,12:41 PM,12:42 PM,12:41:00,12:42:00,2025-06-24T12:42:00Z,12:42:00,2025-06-24T12:42:00Z,2025-06-24
2025-06-24,12:42,12:50,12:42 PM,12:50 PM,12:42:00,12:50:00,2025-06-24T12:50:00Z,12:50:00,2025-06-24T12:50:00Z,2025-06-24
2025-06-24,12:51,1:04,12:51 PM,1:04 PM,12:51:00,13:04:00,2025-06-24T13:04:00Z,13:04:00,2025-06-24T13:04:00Z,2025-06-24
2025-06-24,1:04,1:05,1:04 PM,1:05 PM,13:04:00,13:05:00,2025-06-24T13:05:00Z,13:05:00,2025-06-24T13:05:00Z,2025-06-24
2025-06-24,N/A,12:20,NA,12:20 PM,NA,12:20:00,2025-06-24T12:20:00Z,12:20:00,2025-06-24T12:20:00Z,2025-06-24
2025-06-25,N/A,11:44,NA,11:44 AM,NA,11:44:00,2025-06-25T11:44:00Z,11:44:00,2025-06-25T11:44:00Z,2025-06-25
2025-06-25,12:19,12:27,12:19 PM,12:27 PM,12:19:00,12:27:00,2025-06-25T12:27:00Z,12:27:00,2025-06-25T12:27:00Z,2025-06-25
2025-06-25,1:54,1:58,1:54 PM,1:58 PM,13:54:00,13:58:00,2025-06-25T13:58:00Z,13:58:00,2025-06-25T13:58:00Z,2025-06-25
2025-06-25,N/A,11:36,NA,11:36 AM,NA,11:36:00,2025-06-25T11:36:00Z,11:36:00,2025-06-25T11:36:00Z,2025-06-25
2025-06-25,N/A,11:47,NA,11:47 AM,NA,11:47:00,2025-06-25T11:47:00Z,11:47:00,2025-06-25T11:47:00Z,2025-06-25
2025-06-25,11:47,12:08,11:47 AM,12:08 PM,11:47:00,12:08:00,2025-06-25T12:08:00Z,12:08:00,2025-06-25T12:08:00Z,2025-06-25
2025-06-25,1:42,1:49,1:42 PM,1:49 PM,13:42:00,13:49:00,2025-06-25T13:49:00Z,13:49:00,2025-06-25T13:49:00Z,2025-06-25
2025-06-25,N/A,11:59,NA,11:59 AM,NA,11:59:00,2025-06-25T11:59:00Z,11:59:00,2025-06-25T11:59:00Z,2025-06-25
2025-06-25,12:50,12:55,12:50 PM,12:55 PM,12:50:00,12:55:00,2025-06-25T12:55:00Z,12:55:00,2025-06-25T12:55:00Z,2025-06-25
2025-06-25,1:14,1:19,1:14 PM,1:19 PM,13:14:00,13:19:00,2025-06-25T13:19:00Z,13:19:00,2025-06-25T13:19:00Z,2025-06-25
2025-06-25,1:37,1:41,1:37 PM,1:41 PM,13:37:00,13:41:00,2025-06-25T13:41:00Z,13:41:00,2025-06-25T13:41:00Z,2025-06-25
2025-06-25,N/A,12:00,NA,12:00 PM,NA,12:00:00,2025-06-25T12:00:00Z,12:00:00,2025-06-25T12:00:00Z,2025-06-25
2025-06-25,12:17,12:20,12:17 PM,12:20 PM,12:17:00,12:20:00,2025-06-25T12:20:00Z,12:20:00,2025-06-25T12:20:00Z,2025-06-25
2025-06-25,12:37,12:42,12:37 PM,12:42 PM,12:37:00,12:42:00,2025-06-25T12:42:00Z,12:42:00,2025-06-25T12:42:00Z,2025-06-25
2025-06-25,1:14,1:18,1:14 PM,1:18 PM,13:14:00,13:18:00,2025-06-25T13:18:00Z,13:18:00,2025-06-25T13:18:00Z,2025-06-25
2025-06-25,N/A,12:04,NA,12:04 PM,NA,12:04:00,2025-06-25T12:04:00Z,12:04:00,2025-06-25T12:04:00Z,2025-06-25
2025-06-25,12:04,12:06,12:04 PM,12:06 PM,12:04:00,12:06:00,2025-06-25T12:06:00Z,12:06:00,2025-06-25T12:06:00Z,2025-06-25
2025-06-25,N/A,12:32,NA,12:32 PM,NA,12:32:00,2025-06-25T12:32:00Z,12:32:00,2025-06-25T12:32:00Z,2025-06-25
2025-06-25,12:48,12:53,12:48 PM,12:53 PM,12:48:00,12:53:00,2025-06-25T12:53:00Z,12:53:00,2025-06-25T12:53:00Z,2025-06-25
2025-06-25,1:36,1:44,1:36 PM,1:44 PM,13:36:00,13:44:00,2025-06-25T13:44:00Z,13:44:00,2025-06-25T13:44:00Z,2025-06-25
2025-06-25,12:16,1:09,12:16 PM,1:09 PM,12:16:00,13:09:00,2025-06-25T13:09:00Z,13:09:00,2025-06-25T13:09:00Z,2025-06-25
2025-06-25,N/A,12:19,NA,12:19 PM,NA,12:19:00,2025-06-25T12:19:00Z,12:19:00,2025-06-25T12:19:00Z,2025-06-25
2025-06-25,N/A,12:24,NA,12:24 PM,NA,12:24:00,2025-06-25T12:24:00Z,12:24:00,2025-06-25T12:24:00Z,2025-06-25
2025-06-25,12:24,12:44,12:24 PM,12:44 PM,12:24:00,12:44:00,2025-06-25T12:44:00Z,12:44:00,2025-06-25T12:44:00Z,2025-06-25
2025-06-25,1:48,1:52,1:48 PM,1:52 PM,13:48:00,13:52:00,2025-06-25T13:52:00Z,13:52:00,2025-06-25T13:52:00Z,2025-06-25
2025-06-25,N/A,12:33,NA,12:33 PM,NA,12:33:00,2025-06-25T12:33:00Z,12:33:00,2025-06-25T12:33:00Z,2025-06-25
2025-06-25,1:19,1:21,1:19 PM,1:21 PM,13:19:00,13:21:00,2025-06-25T13:21:00Z,13:21:00,2025-06-25T13:21:00Z,2025-06-25
2025-06-25,12:41,12:43,12:41 PM,12:43 PM,12:41:00,12:43:00,2025-06-25T12:43:00Z,12:43:00,2025-06-25T12:43:00Z,2025-06-25
2025-06-25,N/A,12:41,NA,12:41 PM,NA,12:41:00,2025-06-25T12:41:00Z,12:41:00,2025-06-25T12:41:00Z,2025-06-25
2025-06-25,12:35,1:38,12:35 PM,1:38 PM,12:35:00,13:38:00,2025-06-25T13:38:00Z,13:38:00,2025-06-25T13:38:00Z,2025-06-25
2025-06-25,1:12,1:24,1:12 PM,1:24 PM,13:12:00,13:24:00,2025-06-25T13:24:00Z,13:24:00,2025-06-25T13:24:00Z,2025-06-25
2025-06-25,N/A,12:47,NA,12:47 PM,NA,12:47:00,2025-06-25T12:47:00Z,12:47:00,2025-06-25T12:47:00Z,2025-06-25
2025-06-25,N/A,12:48,NA,12:48 PM,NA,12:48:00,2025-06-25T12:48:00Z,12:48:00,2025-06-25T12:48:00Z,2025-06-25
2025-06-25,12:49,1:31,12:49 PM,1:31 PM,12:49:00,13:31:00,2025-06-25T13:31:00Z,13:31:00,2025-06-25T13:31:00Z,2025-06-25
2025-06-25,1:00,1:02,1:00 PM,1:02 PM,13:00:00,13:02:00,2025-06-25T13:02:00Z,13:02:00,2025-06-25T13:02:00Z,2025-06-25
2025-06-25,1:14,1:15,1:14 PM,1:15 PM,13:14:00,13:15:00,2025-06-25T13:15:00Z,13:15:00,2025-06-25T13:15:00Z,2025-06-25
2025-06-25,1:15,1:18,1:15 PM,1:18 PM,13:15:00,13:18:00,2025-06-25T13:18:00Z,13:18:00,2025-06-25T13:18:00Z,2025-06-25
2025-06-25,1:34,1:35,1:34 PM,1:35 PM,13:34:00,13:35:00,2025-06-25T13:35:00Z,13:35:00,2025-06-25T13:35:00Z,2025-06-25
2025-06-25,1:59,2:09,1:59 PM,2:09 PM,13:59:00,14:09:00,2025-06-25T14:09:00Z,14:09:00,2025-06-25T14:09:00Z,2025-06-25
2025-06-25,1:04,1:08,1:04 PM,1:08 PM,13:04:00,13:08:00,2025-06-25T13:08:00Z,13:08:00,2025-06-25T13:08:00Z,2025-06-25
2025-06-25,N/A,1:11,NA,1:11 PM,NA,13:11:00,2025-06-25T13:11:00Z,13:11:00,2025-06-25T13:11:00Z,2025-06-25
2025-06-25,1:24,1:27,1:24 PM,1:27 PM,13:24:00,13:27:00,2025-06-25T13:27:00Z,13:27:00,2025-06-25T13:27:00Z,2025-06-25
2025-06-25,1:43,1:45,1:43 PM,1:45 PM,13:43:00,13:45:00,2025-06-25T13:45:00Z,13:45:00,2025-06-25T13:45:00Z,2025-06-25
2025-06-26,11:50,12:13,11:50 AM,12:13 PM,11:50:00,12:13:00,2025-06-26T12:13:00Z,12:13:00,2025-06-26T12:13:00Z,2025-06-26
2025-06-26,1:34,1:40,1:34 PM,1:40 PM,13:34:00,13:40:00,2025-06-26T13:40:00Z,13:40:00,2025-06-26T13:40:00Z,2025-06-26
2025-06-26,N/A,11:59,NA,11:59 AM,NA,11:59:00,2025-06-26T11:59:00Z,11:59:00,2025-06-26T11:59:00Z,2025-06-26
2025-06-26,N/A,12:01,NA,12:01 PM,NA,12:01:00,2025-06-26T12:01:00Z,12:01:00,2025-06-26T12:01:00Z,2025-06-26
2025-06-26,12:04,12:17,12:04 PM,12:17 PM,12:04:00,12:17:00,2025-06-26T12:17:00Z,12:17:00,2025-06-26T12:17:00Z,2025-06-26
2025-06-26,N/A,12:09,NA,12:09 PM,NA,12:09:00,2025-06-26T12:09:00Z,12:09:00,2025-06-26T12:09:00Z,2025-06-26
2025-06-26,1:09,1:14,1:09 PM,1:14 PM,13:09:00,13:14:00,2025-06-26T13:14:00Z,13:14:00,2025-06-26T13:14:00Z,2025-06-26
2025-06-26,1:28,1:31,1:28 PM,1:31 PM,13:28:00,13:31:00,2025-06-26T13:31:00Z,13:31:00,2025-06-26T13:31:00Z,2025-06-26
2025-06-26,N/A,12:36,NA,12:36 PM,NA,12:36:00,2025-06-26T12:36:00Z,12:36:00,2025-06-26T12:36:00Z,2025-06-26
2025-06-26,N/A,12:49,NA,12:49 PM,NA,12:49:00,2025-06-26T12:49:00Z,12:49:00,2025-06-26T12:49:00Z,2025-06-26
2025-06-26,N/A,1:02,NA,1:02 PM,NA,13:02:00,2025-06-26T13:02:00Z,13:02:00,2025-06-26T13:02:00Z,2025-06-26
2025-06-26,1:19,1:23,1:19 PM,1:23 PM,13:19:00,13:23:00,2025-06-26T13:23:00Z,13:23:00,2025-06-26T13:23:00Z,2025-06-26
2025-06-26,1:49,1:51,1:49 PM,1:51 PM,13:49:00,13:51:00,2025-06-26T13:51:00Z,13:51:00,2025-06-26T13:51:00Z,2025-06-26
2025-06-26,2:11,2:15,2:11 PM,2:15 PM,14:11:00,14:15:00,2025-06-26T14:15:00Z,14:15:00,2025-06-26T14:15:00Z,2025-06-26
2025-06-26,N/A,1:05,NA,1:05 PM,NA,13:05:00,2025-06-26T13:05:00Z,13:05:00,2025-06-26T13:05:00Z,2025-06-26
2025-06-26,1:25,1:59,1:25 PM,1:59 PM,13:25:00,13:59:00,2025-06-26T13:59:00Z,13:59:00,2025-06-26T13:59:00Z,2025-06-26
2025-06-26,1:27,1:27,1:27 PM,1:27 PM,13:27:00,13:27:00,2025-06-26T13:27:00Z,13:27:00,2025-06-26T13:27:00Z,2025-06-26
2025-06-26,1:31,1:31,1:31 PM,1:31 PM,13:31:00,13:31:00,2025-06-26T13:31:00Z,13:31:00,2025-06-26T13:31:00Z,2025-06-26
2025-06-30,N/A,11:06,NA,11:06 AM,NA,11:06:00,2025-06-30T11:06:00Z,11:06:00,2025-06-30T11:06:00Z,2025-06-30
2025-06-30,N/A,12:06,NA,12:06 PM,NA,12:06:00,2025-06-30T12:06:00Z,12:06:00,2025-06-30T12:06:00Z,2025-06-30
2025-06-30,12:07,12:15,12:07 PM,12:15 PM,12:07:00,12:15:00,2025-06-30T12:15:00Z,12:15:00,2025-06-30T12:15:00Z,2025-06-30
2025-06-30,12:41,12:50,12:41 PM,12:50 PM,12:41:00,12:50:00,2025-06-30T12:50:00Z,12:50:00,2025-06-30T12:50:00Z,2025-06-30
2025-06-30,1:22,1:26,1:22 PM,1:26 PM,13:22:00,13:26:00,2025-06-30T13:26:00Z,13:26:00,2025-06-30T13:26:00Z,2025-06-30
2025-06-30,N/A,11:13,NA,11:13 AM,NA,11:13:00,2025-06-30T11:13:00Z,11:13:00,2025-06-30T11:13:00Z,2025-06-30
2025-06-30,1:21,1:34,1:21 PM,1:34 PM,13:21:00,13:34:00,2025-06-30T13:34:00Z,13:34:00,2025-06-30T13:34:00Z,2025-06-30
2025-06-30,N/A,11:14,NA,11:14 AM,NA,11:14:00,2025-06-30T11:14:00Z,11:14:00,2025-06-30T11:14:00Z,2025-06-30
2025-06-30,11:14,11:41,11:14 AM,11:41 AM,11:14:00,11:41:00,2025-06-30T11:41:00Z,11:41:00,2025-06-30T11:41:00Z,2025-06-30
2025-06-30,12:54,12:56,12:54 PM,12:56 PM,12:54:00,12:56:00,2025-06-30T12:56:00Z,12:56:00,2025-06-30T12:56:00Z,2025-06-30
2025-06-30,N/A,11:16,NA,11:16 AM,NA,11:16:00,2025-06-30T11:16:00Z,11:16:00,2025-06-30T11:16:00Z,2025-06-30
2025-06-30,11:20,11:31,11:20 AM,11:31 AM,11:20:00,11:31:00,2025-06-30T11:31:00Z,11:31:00,2025-06-30T11:31:00Z,2025-06-30
2025-06-30,N/A,11:54,NA,11:54 AM,NA,11:54:00,2025-06-30T11:54:00Z,11:54:00,2025-06-30T11:54:00Z,2025-06-30
2025-06-30,11:54,12:13,11:54 AM,12:13 PM,11:54:00,12:13:00,2025-06-30T12:13:00Z,12:13:00,2025-06-30T12:13:00Z,2025-06-30
2025-06-30,N/A,12:30,NA,12:30 PM,NA,12:30:00,2025-06-30T12:30:00Z,12:30:00,2025-06-30T12:30:00Z,2025-06-30
2025-06-30,N/A,12:31,NA,12:31 PM,NA,12:31:00,2025-06-30T12:31:00Z,12:31:00,2025-06-30T12:31:00Z,2025-06-30
2025-06-30,12:22,12:23,12:22 PM,12:23 PM,12:22:00,12:23:00,2025-06-30T12:23:00Z,12:23:00,2025-06-30T12:23:00Z,2025-06-30
2025-06-30,12:23,12:36,12:23 PM,12:36 PM,12:23:00,12:36:00,2025-06-30T12:36:00Z,12:36:00,2025-06-30T12:36:00Z,2025-06-30
2025-06-30,12:37,12:54,12:37 PM,12:54 PM,12:37:00,12:54:00,2025-06-30T12:54:00Z,12:54:00,2025-06-30T12:54:00Z,2025-06-30
2025-06-30,11:27,11:31,11:27 AM,11:31 AM,11:27:00,11:31:00,2025-06-30T11:31:00Z,11:31:00,2025-06-30T11:31:00Z,2025-06-30
2025-07-01,N/A,11:37,NA,11:37 AM,NA,11:37:00,2025-07-01T11:37:00Z,11:37:00,2025-07-01T11:37:00Z,2025-07-01
2025-07-01,12:04,12:11,12:04 PM,12:11 PM,12:04:00,12:11:00,2025-07-01T12:11:00Z,12:11:00,2025-07-01T12:11:00Z,2025-07-01
2025-07-01,12:36,12:43,12:36 PM,12:43 PM,12:36:00,12:43:00,2025-07-01T12:43:00Z,12:43:00,2025-07-01T12:43:00Z,2025-07-01
2025-07-01,1:07,1:13,1:07 PM,1:13 PM,13:07:00,13:13:00,2025-07-01T13:13:00Z,13:13:00,2025-07-01T13:13:00Z,2025-07-01
2025-07-01,1:32,1:36,1:32 PM,1:36 PM,13:32:00,13:36:00,2025-07-01T13:36:00Z,13:36:00,2025-07-01T13:36:00Z,2025-07-01
2025-07-01,N/A,11:37,NA,11:37 AM,NA,11:37:00,2025-07-01T11:37:00Z,11:37:00,2025-07-01T11:37:00Z,2025-07-01
2025-07-01,1:20,1:37,1:20 PM,1:37 PM,13:20:00,13:37:00,2025-07-01T13:37:00Z,13:37:00,2025-07-01T13:37:00Z,2025-07-01
2025-07-01,2:03,2:57,2:03 PM,2:57 PM,14:03:00,14:57:00,2025-07-01T14:57:00Z,14:57:00,2025-07-01T14:57:00Z,2025-07-01
2025-07-01,11:20,11:34,11:20 AM,11:34 AM,11:20:00,11:34:00,2025-07-01T11:34:00Z,11:34:00,2025-07-01T11:34:00Z,2025-07-01
2025-07-01,11:53,11:53,11:53 AM,11:53 AM,11:53:00,11:53:00,2025-07-01T11:53:00Z,11:53:00,2025-07-01T11:53:00Z,2025-07-01
2025-07-01,11:53,11:57,11:53 AM,11:57 AM,11:53:00,11:57:00,2025-07-01T11:57:00Z,11:57:00,2025-07-01T11:57:00Z,2025-07-01
2025-07-01,12:25,1:02,12:25 PM,1:02 PM,12:25:00,13:02:00,2025-07-01T13:02:00Z,13:02:00,2025-07-01T13:02:00Z,2025-07-01
2025-07-01,N/A,11:59,NA,11:59 AM,NA,11:59:00,2025-07-01T11:59:00Z,11:59:00,2025-07-01T11:59:00Z,2025-07-01
2025-07-01,12:00,12:26,12:00 PM,12:26 PM,12:00:00,12:26:00,2025-07-01T12:26:00Z,12:26:00,2025-07-01T12:26:00Z,2025-07-01
2025-07-01,1:36,1:36,1:36 PM,1:36 PM,13:36:00,13:36:00,2025-07-01T13:36:00Z,13:36:00,2025-07-01T13:36:00Z,2025-07-01
2025-07-01,12:02,12:08,12:02 PM,12:08 PM,12:02:00,12:08:00,2025-07-01T12:08:00Z,12:08:00,2025-07-01T12:08:00Z,2025-07-01
2025-07-01,12:30,12:35,12:30 PM,12:35 PM,12:30:00,12:35:00,2025-07-01T12:35:00Z,12:35:00,2025-07-01T12:35:00Z,2025-07-01
2025-07-01,1:08,1:17,1:08 PM,1:17 PM,13:08:00,13:17:00,2025-07-01T13:17:00Z,13:17:00,2025-07-01T13:17:00Z,2025-07-01
2025-07-01,1:39,1:54,1:39 PM,1:54 PM,13:39:00,13:54:00,2025-07-01T13:54:00Z,13:54:00,2025-07-01T13:54:00Z,2025-07-01
2025-07-01,12:05,1:59,12:05 PM,1:59 PM,12:05:00,13:59:00,2025-07-01T13:59:00Z,13:59:00,2025-07-01T13:59:00Z,2025-07-01
2025-07-01,1:01,1:08,1:01 PM,1:08 PM,13:01:00,13:08:00,2025-07-01T13:08:00Z,13:08:00,2025-07-01T13:08:00Z,2025-07-01
2025-07-01,12:20,12:25,12:20 PM,12:25 PM,12:20:00,12:25:00,2025-07-01T12:25:00Z,12:25:00,2025-07-01T12:25:00Z,2025-07-01
2025-07-01,12:46,12:48,12:46 PM,12:48 PM,12:46:00,12:48:00,2025-07-01T12:48:00Z,12:48:00,2025-07-01T12:48:00Z,2025-07-01
2025-07-01,1:04,1:07,1:04 PM,1:07 PM,13:04:00,13:07:00,2025-07-01T13:07:00Z,13:07:00,2025-07-01T13:07:00Z,2025-07-01
2025-07-01,1:21,1:23,1:21 PM,1:23 PM,13:21:00,13:23:00,2025-07-01T13:23:00Z,13:23:00,2025-07-01T13:23:00Z,2025-07-01
2025-07-01,1:27,1:42,1:27 PM,1:42 PM,13:27:00,13:42:00,2025-07-01T13:42:00Z,13:42:00,2025-07-01T13:42:00Z,2025-07-01
2025-07-01,1:47,1:50,1:47 PM,1:50 PM,13:47:00,13:50:00,2025-07-01T13:50:00Z,13:50:00,2025-07-01T13:50:00Z,2025-07-01
2025-07-01,2:05,2:16,2:05 PM,2:16 PM,14:05:00,14:16:00,2025-07-01T14:16:00Z,14:16:00,2025-07-01T14:16:00Z,2025-07-01
2025-07-01,2:08,2:14,2:08 PM,2:14 PM,14:08:00,14:14:00,2025-07-01T14:14:00Z,14:14:00,2025-07-01T14:14:00Z,2025-07-01
2025-07-02,11:47,11:49,11:47 AM,11:49 AM,11:47:00,11:49:00,2025-07-02T11:49:00Z,11:49:00,2025-07-02T11:49:00Z,2025-07-02
2025-07-02,11:56,11:59,11:56 AM,11:59 AM,11:56:00,11:59:00,2025-07-02T11:59:00Z,11:59:00,2025-07-02T11:59:00Z,2025-07-02
2025-07-02,12:13,12:15,12:13 PM,12:15 PM,12:13:00,12:15:00,2025-07-02T12:15:00Z,12:15:00,2025-07-02T12:15:00Z,2025-07-02
2025-07-02,12:57,1:03,12:57 PM,1:03 PM,12:57:00,13:03:00,2025-07-02T13:03:00Z,13:03:00,2025-07-02T13:03:00Z,2025-07-02
2025-07-03,11:55,11:59,11:55 AM,11:59 AM,11:55:00,11:59:00,2025-07-03T11:59:00Z,11:59:00,2025-07-03T11:59:00Z,2025-07-03
2025-07-03,11:58,12:25,11:58 AM,12:25 PM,11:58:00,12:25:00,2025-07-03T12:25:00Z,12:25:00,2025-07-03T12:25:00Z,2025-07-03
2025-07-03,1:40,2:02,1:40 PM,2:02 PM,13:40:00,14:02:00,2025-07-03T14:02:00Z,14:02:00,2025-07-03T14:02:00Z,2025-07-03
